strategy,seed,start,end,SR_net,TO_pct
EW,0,2019-01-31,2023-12-31,0.7322329884580748,22.008487583285014
EW,0,2024-01-31,2026-07-31,1.2290935693423974,27.327670791480053
SR,0,2019-01-31,2023-12-31,0.6526812481874449,19.835454469947713
SR,0,2024-01-31,2026-07-31,0.8659768645385525,40.96968311547924
AAF,0,2019-01-31,2023-12-31,0.7024860487144237,191.83170790280897
AAF,0,2024-01-31,2026-07-31,1.0699995945347915,149.2410189654386
AAF_shrunk,0,2019-01-31,2023-12-31,0.7172579110465305,40.247947163752954
AAF_shrunk,0,2024-01-31,2026-07-31,1.2290935693423974,27.327670791480053
AAF_band,0,2019-01-31,2023-12-31,0.7225912918528998,82.05121133523238
AAF_band,0,2024-01-31,2026-07-31,1.0354289386947115,25.954976636274175
AAF_quarterly,0,2019-01-31,2023-12-31,0.6865254484222519,72.87826629038621
AAF_quarterly,0,2024-01-31,2026-07-31,1.158780185354149,65.14746877225278
AAF_alpha0.5_fixed,0,2019-01-31,2023-12-31,0.7231118575219464,96.88233766144792
AAF_alpha0.5_fixed,0,2024-01-31,2026-07-31,1.1773373098098325,74.51575848173064
EW,1,2019-01-31,2023-12-31,0.7322329884580748,22.008487583285014
EW,1,2024-01-31,2026-07-31,1.2290935693423974,27.327670791480053
SR,1,2019-01-31,2023-12-31,0.6526812481874449,19.835454469947713
SR,1,2024-01-31,2026-07-31,0.8659768645385525,40.96968311547924
AAF,1,2019-01-31,2023-12-31,0.7073013999445372,201.72655317821807
AAF,1,2024-01-31,2026-07-31,1.085740910767394,148.2874812873937
AAF_shrunk,1,2019-01-31,2023-12-31,0.7197471114542491,45.05541438614228
AAF_shrunk,1,2024-01-31,2026-07-31,1.1931681678741675,39.47593283578495
AAF_band,1,2019-01-31,2023-12-31,0.7215561772746837,81.15748727639969
AAF_band,1,2024-01-31,2026-07-31,1.1076628004690003,0.0
AAF_quarterly,1,2019-01-31,2023-12-31,0.6816289887241825,68.02645163106061
AAF_quarterly,1,2024-01-31,2026-07-31,1.119773376565374,53.95133638419695
AAF_alpha0.5_fixed,1,2019-01-31,2023-12-31,0.7251107737185687,102.30460753905058
AAF_alpha0.5_fixed,1,2024-01-31,2026-07-31,1.1877150184506355,77.09027422851976
EW,2,2019-01-31,2023-12-31,0.7322329884580748,22.008487583285014
EW,2,2024-01-31,2026-07-31,1.2290935693423974,27.327670791480053
SR,2,2019-01-31,2023-12-31,0.6526812481874449,19.835454469947713
SR,2,2024-01-31,2026-07-31,0.8659768645385525,40.96968311547924
AAF,2,2019-01-31,2023-12-31,0.6889952609208012,192.0464888446078
AAF,2,2024-01-31,2026-07-31,1.111836205032965,146.10212858740405
AAF_shrunk,2,2019-01-31,2023-12-31,0.7161048001631275,42.327137677855085
AAF_shrunk,2,2024-01-31,2026-07-31,1.2225555968427686,37.69026394542669
AAF_band,2,2019-01-31,2023-12-31,0.7105962710670377,95.8835426481784
AAF_band,2,2024-01-31,2026-07-31,1.1183317855377732,15.649494382867369
AAF_quarterly,2,2019-01-31,2023-12-31,0.6884306077300124,66.78065479672244
AAF_quarterly,2,2024-01-31,2026-07-31,1.1469418190560787,66.83214729251581
AAF_alpha0.5_fixed,2,2019-01-31,2023-12-31,0.7166627634328302,96.9243939520122
AAF_alpha0.5_fixed,2,2024-01-31,2026-07-31,1.1949895129341586,75.89943521946265
