strategy,seed,cost,SD_pct_gross,SR_gross,CW_gross,MaxDD_pct_gross,SD_pct_net,SR_net,CW_net,MaxDD_pct_net,TO_pct,BE_bps_vs_EW
EW,0,0.0,16.016165003010645,0.8307870189599554,3.029104583898094,20.95524775543286,16.016165003010645,0.8307870189599554,3.029104583898094,20.95524775543286,23.957304159873622,
EW,0,0.002,16.016165003010645,0.8307870189599554,3.029104583898094,20.95524775543286,16.015455470512187,0.827849134130326,3.018324501131308,20.985389559391386,23.957304159873622,
EW,0,0.005,16.016165003010645,0.8307870189599554,3.029104583898094,20.95524775543286,16.014397127260466,0.8234415125397009,3.0022252779328897,21.030583289854466,23.957304159873622,
SR,0,0.0,14.584562814584451,0.7102561388962977,2.4701550882807095,17.925940381128967,14.584562814584451,0.7102561388962977,2.4701550882807095,17.925940381128967,27.229564272277155,
SR,0,0.002,14.584562814584451,0.7102561388962977,2.4701550882807095,17.925940381128967,14.585284992783329,0.7065138064525028,2.460127353086806,17.949860971614363,27.229564272277155,
SR,0,0.005,14.584562814584451,0.7102561388962977,2.4701550882807095,17.925940381128967,14.586463837446543,0.7008964099717391,2.4451586657446946,17.985731236612445,27.229564272277155,
AAF,0,0.0,14.629096289350956,0.7945179432984119,2.7138199212125658,18.46167430286333,14.629096289350956,0.7945179432984119,2.7138199212125658,18.46167430286333,175.63088420172807,
AAF,0,0.002,14.629096289350956,0.7945179432984119,2.7138199212125658,18.46167430286333,14.623681806976313,0.770944963123952,2.6437807931992716,18.65920821369418,175.63088420172807,
AAF,0,0.005,14.629096289350956,0.7945179432984119,2.7138199212125658,18.46167430286333,14.616118497986925,0.7355246425941159,2.5420461305647684,18.954724691494818,175.63088420172807,
AAF_shrunk,0,0.0,16.016165003010645,0.8307870189599554,3.029104583898094,20.95524775543286,16.016165003010645,0.8307870189599554,3.029104583898094,20.95524775543286,23.957304159873622,
AAF_shrunk,0,0.002,16.016165003010645,0.8307870189599554,3.029104583898094,20.95524775543286,16.015455470512187,0.827849134130326,3.018324501131308,20.985389559391386,23.957304159873622,
AAF_shrunk,0,0.005,16.016165003010645,0.8307870189599554,3.029104583898094,20.95524775543286,16.014397127260466,0.8234415125397009,3.0022252779328897,21.030583289854466,23.957304159873622,
AAF_band,0,0.0,14.749425261084067,0.8426247612083348,2.879363260110509,18.02670223960362,14.749425261084067,0.8426247612083348,2.879363260110509,18.02670223960362,57.00683275065034,
AAF_band,0,0.002,14.749425261084067,0.8426247612083348,2.879363260110509,18.02670223960362,14.745002215309292,0.8352301336188441,2.8552259722897264,18.077472864874224,57.00683275065034,
AAF_band,0,0.005,14.749425261084067,0.8426247612083348,2.879363260110509,18.02670223960362,14.739285711455743,0.824078537872781,2.819367064195598,18.153628802780155,57.00683275065034,
AAF_quarterly,0,0.0,14.866563629667601,0.786726036118224,2.7211228626249064,19.17095048502947,14.866563629667601,0.786726036118224,2.7211228626249064,19.17095048502947,71.49421949446835,
AAF_quarterly,0,0.002,14.866563629667601,0.786726036118224,2.7211228626249064,19.17095048502947,14.8597083598377,0.7771884883989872,2.6914339028635124,19.21962471936768,71.49421949446835,
AAF_quarterly,0,0.005,14.866563629667601,0.786726036118224,2.7211228626249064,19.17095048502947,14.850023739896212,0.7628349207647597,2.6474829323187588,19.292600162483232,71.49421949446835,
AAF_alpha0.5_fixed,0,0.0,15.21143723724356,0.8194196605273864,2.8713399754502293,19.696532585352912,15.21143723724356,0.8194196605273864,2.8713399754502293,19.696532585352912,88.53650304617719,
AAF_alpha0.5_fixed,0,0.002,15.21143723724356,0.8194196605273864,2.8713399754502293,19.696532585352912,15.208196754541042,0.8080225264209293,2.8337757177368266,19.797231756608358,88.53650304617719,
AAF_alpha0.5_fixed,0,0.005,15.21143723724356,0.8194196605273864,2.8713399754502293,19.696532585352912,15.203460600944046,0.7909112352628966,2.7783350827310005,19.948072419518436,88.53650304617719,
EW,1,0.0,16.016165003010645,0.8307870189599554,3.029104583898094,20.95524775543286,16.016165003010645,0.8307870189599554,3.029104583898094,20.95524775543286,23.957304159873622,
EW,1,0.002,16.016165003010645,0.8307870189599554,3.029104583898094,20.95524775543286,16.015455470512187,0.827849134130326,3.018324501131308,20.985389559391386,23.957304159873622,
EW,1,0.005,16.016165003010645,0.8307870189599554,3.029104583898094,20.95524775543286,16.014397127260466,0.8234415125397009,3.0022252779328897,21.030583289854466,23.957304159873622,
SR,1,0.0,14.584562814584451,0.7102561388962977,2.4701550882807095,17.925940381128967,14.584562814584451,0.7102561388962977,2.4701550882807095,17.925940381128967,27.229564272277155,
SR,1,0.002,14.584562814584451,0.7102561388962977,2.4701550882807095,17.925940381128967,14.585284992783329,0.7065138064525028,2.460127353086806,17.949860971614363,27.229564272277155,
SR,1,0.005,14.584562814584451,0.7102561388962977,2.4701550882807095,17.925940381128967,14.586463837446543,0.7008964099717391,2.4451586657446946,17.985731236612445,27.229564272277155,
AAF,1,0.0,14.597957979238002,0.80257525801446,2.7338913991832254,19.01056412238704,14.597957979238002,0.80257525801446,2.7338913991832254,19.01056412238704,185.7380436435824,
AAF,1,0.002,14.597957979238002,0.80257525801446,2.7338913991832254,19.01056412238704,14.59328131077902,0.7775036905668603,2.6591989329530628,19.277933047636587,185.7380436435824,
AAF,1,0.005,14.597957979238002,0.80257525801446,2.7338913991832254,19.01056412238704,14.586807414632089,0.7398387493068238,2.5509143083550447,19.677536162969076,185.7380436435824,
AAF_shrunk,1,0.0,16.016165003010645,0.8307870189599554,3.029104583898094,20.95524775543286,16.016165003010645,0.8307870189599554,3.029104583898094,20.95524775543286,23.957304159873622,
AAF_shrunk,1,0.002,16.016165003010645,0.8307870189599554,3.029104583898094,20.95524775543286,16.015455470512187,0.827849134130326,3.018324501131308,20.985389559391386,23.957304159873622,
AAF_shrunk,1,0.005,16.016165003010645,0.8307870189599554,3.029104583898094,20.95524775543286,16.014397127260466,0.8234415125397009,3.0022252779328897,21.030583289854466,23.957304159873622,
AAF_band,1,0.0,14.6781772570579,0.8055858518695156,2.7537666645111143,19.03717973850041,14.6781772570579,0.8055858518695156,2.7537666645111143,19.03717973850041,53.276653417881846,
AAF_band,1,0.002,14.6781772570579,0.8055858518695156,2.7537666645111143,19.03717973850041,14.669628142196817,0.7988716158682214,2.732279685295708,19.0371797385004,53.276653417881846,
AAF_band,1,0.005,14.6781772570579,0.8055858518695156,2.7537666645111143,19.03717973850041,14.657819904073815,0.7887309317987676,2.7003307890528183,19.037179738500388,53.276653417881846,
AAF_quarterly,1,0.0,14.832143942573309,0.7777731104406097,2.6897736740951443,19.936606508469602,14.832143942573309,0.7777731104406097,2.6897736740951443,19.936606508469602,68.68410325578922,
AAF_quarterly,1,0.002,14.832143942573309,0.7777731104406097,2.6897736740951443,19.936606508469602,14.823532046771343,0.7688326204950404,2.662050255271423,20.013764089831078,68.68410325578922,
AAF_quarterly,1,0.005,14.832143942573309,0.7777731104406097,2.6897736740951443,19.936606508469602,14.811154046631184,0.7553748575551501,2.6209788276310904,20.129418786373755,68.68410325578922,
AAF_alpha0.5_fixed,1,0.0,15.187732059151815,0.823756363762535,2.882228443112259,19.968065519279943,15.187732059151815,0.823756363762535,2.882228443112259,19.968065519279943,94.61186724394301,
AAF_alpha0.5_fixed,1,0.002,15.187732059151815,0.823756363762535,2.882228443112259,19.968065519279943,15.184833014500171,0.8115124443618794,2.8418804105209277,20.102872889141043,94.61186724394301,
AAF_alpha0.5_fixed,1,0.005,15.187732059151815,0.823756363762535,2.882228443112259,19.968065519279943,15.18060948762266,0.7931312639065635,2.782399772260107,20.30470901809933,94.61186724394301,
EW,2,0.0,16.016165003010645,0.8307870189599554,3.029104583898094,20.95524775543286,16.016165003010645,0.8307870189599554,3.029104583898094,20.95524775543286,23.957304159873622,
EW,2,0.002,16.016165003010645,0.8307870189599554,3.029104583898094,20.95524775543286,16.015455470512187,0.827849134130326,3.018324501131308,20.985389559391386,23.957304159873622,
EW,2,0.005,16.016165003010645,0.8307870189599554,3.029104583898094,20.95524775543286,16.014397127260466,0.8234415125397009,3.0022252779328897,21.030583289854466,23.957304159873622,
SR,2,0.0,14.584562814584451,0.7102561388962977,2.4701550882807095,17.925940381128967,14.584562814584451,0.7102561388962977,2.4701550882807095,17.925940381128967,27.229564272277155,
SR,2,0.002,14.584562814584451,0.7102561388962977,2.4701550882807095,17.925940381128967,14.585284992783329,0.7065138064525028,2.460127353086806,17.949860971614363,27.229564272277155,
SR,2,0.005,14.584562814584451,0.7102561388962977,2.4701550882807095,17.925940381128967,14.586463837446543,0.7008964099717391,2.4451586657446946,17.985731236612445,27.229564272277155,
AAF,2,0.0,14.673658660064953,0.7917822029554169,2.7117107931834075,18.97019431479029,14.673658660064953,0.7917822029554169,2.7117107931834075,18.97019431479029,181.61051010553294,
AAF,2,0.002,14.673658660064953,0.7917822029554169,2.7117107931834075,18.97019431479029,14.66985788708191,0.767412245247997,2.6394016973073144,19.19002165538213,181.61051010553294,
AAF,2,0.005,14.673658660064953,0.7917822029554169,2.7117107931834075,18.97019431479029,14.664663212845824,0.7308083808004193,2.5344856181412485,19.518792639584436,181.61051010553294,
AAF_shrunk,2,0.0,16.016165003010645,0.8307870189599554,3.029104583898094,20.95524775543286,16.016165003010645,0.8307870189599554,3.029104583898094,20.95524775543286,23.957304159873622,
AAF_shrunk,2,0.002,16.016165003010645,0.8307870189599554,3.029104583898094,20.95524775543286,16.015455470512187,0.827849134130326,3.018324501131308,20.985389559391386,23.957304159873622,
AAF_shrunk,2,0.005,16.016165003010645,0.8307870189599554,3.029104583898094,20.95524775543286,16.014397127260466,0.8234415125397009,3.0022252779328897,21.030583289854466,23.957304159873622,
AAF_band,2,0.0,14.80805335462059,0.8076730490930292,2.7780266710024595,18.75470055618791,14.80805335462059,0.8076730490930292,2.7780266710024595,18.75470055618791,74.27113690873706,
AAF_band,2,0.002,14.80805335462059,0.8076730490930292,2.7780266710024595,18.75470055618791,14.807797877696416,0.7977658636679225,2.7475516865573955,18.7547005561879,74.27113690873706,
AAF_band,2,0.005,14.80805335462059,0.8076730490930292,2.7780266710024595,18.75470055618791,14.808618943687899,0.7828407763949277,2.702422859048847,18.75470055618792,74.27113690873706,
AAF_quarterly,2,0.0,14.860541223012017,0.7893622519649226,2.728381194276777,19.409517691305112,14.860541223012017,0.7893622519649226,2.728381194276777,19.409517691305112,69.41820028388541,
AAF_quarterly,2,0.002,14.860541223012017,0.7893622519649226,2.728381194276777,19.409517691305112,14.856071514083101,0.7800619292805478,2.699641283339011,19.480342234151273,69.41820028388541,
AAF_quarterly,2,0.005,14.860541223012017,0.7893622519649226,2.728381194276777,19.409517691305112,14.849901743860888,0.7660733576163324,2.6570763862237388,19.586501596237838,69.41820028388541,
AAF_alpha0.5_fixed,2,0.0,15.236052003994615,0.8179403611502942,2.870156191138382,19.94979385839535,15.236052003994615,0.8179403611502942,2.870156191138382,19.94979385839535,91.54951339914618,
AAF_alpha0.5_fixed,2,0.002,15.236052003994615,0.8179403611502942,2.870156191138382,19.94979385839535,15.233892576062697,0.8061241099348455,2.8313431084321556,20.061754090769078,91.54951339914618,
AAF_alpha0.5_fixed,2,0.005,15.236052003994615,0.8179403611502942,2.870156191138382,19.94979385839535,15.230768195954283,0.7883875101923977,2.774091343897389,20.229438299229564,91.54951339914618,
